{
    "available_space": true,
    "id": "b1",
    "size_max": 45.69666290283203,
    "size_mean": 11.190450038228716,
    "size_min": 2.0189685821533203,
    "total_size": 626.6652021408081
}