{
    "available_space": false,
    "id": "b1",
    "size_max": 47.512457847595215,
    "size_mean": 10.9784563868499,
    "size_min": 1.5156173706054688,
    "total_size": 1328.393222808838
}