{
    "available_space": true,
    "id": "b1",
    "size_max": 45.69666290283203,
    "size_mean": 11.281594493932891,
    "size_min": 2.0189685821533203,
    "total_size": 643.0508861541748
}